{
  "latest_snapshot_date": "2026-05-08",
  "num_holdings": 33,
  "cash_weight": 6.37,
  "equity_weight": 93.44999999999999,
  "top_1_weight": 9.74,
  "top_3_weight": 22.78,
  "top_5_weight": 34.03,
  "top_10_weight": 58.54,
  "top_20_weight": 84.16000000000003,
  "largest_holding": "LUMENTUM HOL",
  "largest_holding_weight": 9.74,
  "total_weight": 99.82000000000001
}